dt,x,y,position,velocity,acceleration,jerk,heading
0.020000,1.625143,11.499500,0.000199,0.019919,0.995935,49.796748,0.000014
0.020000,1.626027,11.499500,0.001083,0.044201,1.214136,10.910072,0.000101
0.020000,1.628016,11.499500,0.003072,0.099459,2.762857,77.436029,0.000298
0.020000,1.631332,11.499502,0.006388,0.165781,3.316110,27.662645,0.000625
0.020000,1.635974,11.499506,0.011031,0.232128,3.317350,0.061999,0.001085
0.020000,1.641944,11.499514,0.017001,0.298510,3.319091,0.087046,0.001677
0.020000,1.649243,11.499529,0.024299,0.364936,3.321340,0.112450,0.002402
0.020000,1.657872,11.499554,0.032928,0.431418,3.324103,0.138175,0.003261
0.020000,1.667831,11.499591,0.042887,0.497966,3.327391,0.164390,0.004257
0.020000,1.679122,11.499645,0.054179,0.564591,3.331214,0.191162,0.005390
0.020000,1.691748,11.499721,0.066805,0.631302,3.335586,0.218565,0.006661
0.020000,1.705710,11.499824,0.080767,0.698113,3.340520,0.246704,0.008074
0.020000,1.721010,11.499960,0.096068,0.765033,3.346034,0.275734,0.009630
0.020000,1.737651,11.500134,0.112709,0.832076,3.352147,0.305641,0.011332
0.020000,1.755635,11.500355,0.130695,0.899254,3.358880,0.336650,0.013182
0.020000,1.774964,11.500629,0.150026,0.966579,3.366257,0.368848,0.015183
0.020000,1.795643,11.500965,0.170707,1.034065,3.374303,0.402276,0.017339
0.020000,1.817674,11.501372,0.192742,1.101726,3.383047,0.437196,0.019653
0.020000,1.841060,11.501861,0.216133,1.169576,3.392519,0.473639,0.022128
0.020000,1.865806,11.502441,0.240886,1.237632,3.402755,0.511799,0.024770
0.020000,1.891915,11.503125,0.267004,1.305907,3.413792,0.551821,0.027582
0.020000,1.919392,11.503924,0.294493,1.374421,3.425669,0.593838,0.030569
0.020000,1.948241,11.504852,0.323356,1.443189,3.438430,0.638083,0.033736
0.020000,1.978466,11.505922,0.353601,1.512232,3.452124,0.684674,0.037089
0.020000,2.010074,11.507151,0.385232,1.581568,3.466801,0.733880,0.040633
0.020000,2.043068,11.508554,0.418257,1.651218,3.482518,0.785828,0.044375
0.020000,2.077455,11.510149,0.452681,1.721205,3.499334,0.840805,0.048321
0.020000,2.113241,11.511954,0.488512,1.791551,3.517315,0.899028,0.052480
0.020000,2.150431,11.513989,0.525758,1.862282,3.536529,0.960726,0.056857
0.020000,2.189032,11.516275,0.564426,1.933423,3.557053,1.026184,0.061462
0.020000,2.229050,11.518835,0.604526,2.005002,3.578967,1.095691,0.066304
0.020000,2.270493,11.521692,0.646067,2.077049,3.602357,1.169509,0.071391
0.020000,2.313367,11.524873,0.689059,2.149596,3.627316,1.247969,0.076734
0.020000,2.357680,11.528405,0.733512,2.222674,3.653944,1.331411,0.082344
0.020000,2.403439,11.532317,0.779439,2.296321,3.682346,1.420089,0.088231
0.020000,2.450653,11.536640,0.826850,2.370574,3.712635,1.514425,0.094407
0.020000,2.499330,11.541408,0.875760,2.445473,3.744929,1.614737,0.100887
0.020000,2.549477,11.546656,0.926181,2.521060,3.779356,1.721345,0.107683
0.020000,2.601104,11.552423,0.978129,2.597381,3.816048,1.834607,0.114810
0.020000,2.654218,11.558748,1.031618,2.674484,3.855145,1.954839,0.122284
0.020000,2.708829,11.565676,1.086667,2.752419,3.896791,2.082314,0.130121
0.020000,2.764944,11.573253,1.143292,2.831242,3.941138,2.217306,0.138339
0.020000,2.822573,11.581530,1.201512,2.911009,3.988337,2.359982,0.146958
0.020000,2.881724,11.590558,1.261347,2.991780,4.038546,2.510415,0.155996
0.020000,2.942404,11.600395,1.322820,3.073618,4.091918,2.668631,0.165477
0.020000,3.004621,11.611103,1.385951,3.156590,4.148606,2.834398,0.175421
0.020000,3.068382,11.622746,1.450767,3.240765,4.208753,3.007370,0.185853
0.020000,3.133693,11.635395,1.517291,3.326215,4.272490,3.186850,0.196799
0.020000,3.200558,11.649125,1.585551,3.413014,4.339928,3.371898,0.208286
0.020000,3.268981,11.664016,1.655576,3.501237,4.411150,3.561063,0.220341
0.020000,3.338963,11.680154,1.727395,3.590961,4.486199,3.752464,0.232996
0.020000,3.410505,11.697632,1.801041,3.682262,4.565068,3.943453,0.246282
0.020000,3.483601,11.716548,1.876545,3.775216,4.647683,4.130738,0.260231
0.020000,3.558246,11.737008,1.953943,3.869893,4.733881,4.309927,0.274878
0.020000,3.634428,11.759124,2.033270,3.966361,4.823394,4.475626,0.290259
0.020000,3.712131,11.783016,2.114564,4.064678,4.915815,4.621053,0.306412
0.020000,3.791334,11.808812,2.197861,4.164889,5.010571,4.737787,0.323373
0.020000,3.872008,11.836647,2.283202,4.267027,5.106889,4.815903,0.341181
0.020000,3.954115,11.866664,2.370624,4.371102,5.203754,4.843286,0.359876
0.020000,4.037609,11.899014,2.460166,4.477099,5.299872,4.805895,0.379495
0.020000,4.122431,11.933855,2.551865,4.584972,5.393623,4.687535,0.400076
0.020000,4.208511,11.971353,2.645758,4.694632,5.483022,4.469951,0.421654
0.020000,4.295763,12.011676,2.741877,4.805946,5.565684,4.133119,0.444264
0.020000,4.384083,12.055001,2.840251,4.918722,5.638802,3.655866,0.467934
0.020000,4.473350,12.101505,2.940905,5.032705,5.699135,3.016660,0.492688
0.020000,4.563422,12.151365,3.043857,5.147565,5.743035,2.194990,0.518544
0.020000,4.654134,12.204757,3.149115,5.262895,5.766501,1.173327,0.545511
0.020000,4.745296,12.261848,3.256679,5.378201,5.765285,-0.060838,0.573589
0.020000,4.836695,12.322799,3.366537,5.492902,5.735046,-1.511936,0.602765
0.020000,4.928093,12.387752,3.478663,5.606334,5.671575,-3.173533,0.633015
0.020000,5.019224,12.456833,3.593018,5.717755,5.571071,-5.025233,0.664298
0.020000,5.109803,12.530141,3.709546,5.826364,5.430465,-7.030273,0.696559
0.020000,5.199523,12.607745,3.828172,5.931320,5.247784,-9.134068,0.729723
0.020000,5.288062,12.689683,3.948808,6.031770,5.022494,-11.264502,0.763700
0.020000,5.375087,12.775951,4.071345,6.126886,4.755807,-13.334343,0.798386
0.020000,5.460261,12.866507,4.195663,6.215904,4.450883,-15.246167,0.833656
0.020000,5.543250,12.961267,4.321627,6.298161,4.112891,-16.899605,0.869376
0.020000,5.623734,13.060106,4.449089,6.373139,3.748885,-18.200316,0.905401
0.020000,5.701409,13.162861,4.577899,6.440489,3.367495,-19.069520,0.941578
0.020000,5.776000,13.269334,4.707900,6.500058,2.978441,-19.452695,0.977751
0.020000,5.847262,13.379301,4.838938,6.551896,2.591922,-19.325933,1.013766
0.020000,5.914991,13.492513,4.970863,6.596255,2.217947,-18.698731,1.049473
0.020000,5.979020,13.608711,5.103535,6.633569,1.865690,-17.612848,1.084731
0.020000,6.039225,13.727628,5.236823,6.664428,1.542947,-16.137152,1.119411
0.020000,6.095523,13.848997,5.370614,6.689543,1.255748,-14.359971,1.153399
0.020000,6.147870,13.972560,5.504808,6.709706,1.008158,-12.379505,1.186595
0.020000,6.196257,14.098071,5.639323,6.725751,0.802264,-10.294672,1.218916
0.020000,6.240706,14.225301,5.774094,6.738518,0.638323,-8.197055,1.250299
0.020000,6.281266,14.354039,5.909070,6.748818,0.515023,-6.165042,1.280692
0.020000,6.318008,14.484097,6.044218,6.757415,0.429815,-4.260362,1.310062
0.020000,6.351020,14.615308,6.179518,6.765000,0.379273,-2.527110,1.338389
0.020000,6.380403,14.747526,6.314962,6.772189,0.359425,-0.992425,1.365665
0.020000,6.406268,14.880626,6.450552,6.779510,0.366055,0.331522,1.391892
0.020000,6.428728,15.014504,6.586300,6.787408,0.394942,1.444358,1.417082
0.020000,6.447903,15.149069,6.722225,6.796249,0.442045,2.355157,1.441255
0.020000,6.463911,15.284251,6.858352,6.806322,0.503623,3.078893,1.464434
0.020000,6.476868,15.419991,6.994709,6.817848,0.576313,3.634489,1.486648
0.020000,6.486891,15.556243,7.131329,6.830991,0.657168,4.042769,1.507931
0.020000,6.494089,15.692971,7.268246,6.845865,0.743655,4.324343,1.528316
0.020000,6.498569,15.830148,7.405497,6.862538,0.833647,4.499571,1.547839
0.020000,6.500431,15.967757,7.543118,6.881045,0.925386,4.586970,1.566538
0.020000,6.500500,16.092077,7.667437,6.215996,-33.252457,-1708.892134,1.570796
0.020000,6.500500,16.213381,7.788742,6.065244,-7.537609,1285.742370,1.570796
0.020000,6.500500,16.335881,7.911242,6.125000,2.987805,526.270708,1.570796
0.020000,6.500500,16.459577,8.034937,6.184756,2.987805,0.000000,1.570796
0.020000,6.500500,16.584467,8.159828,6.244512,2.987805,-0.000000,1.570796
0.020000,6.500500,16.710552,8.285913,6.304268,2.987805,-0.000000,1.570796
0.020000,6.500500,16.837833,8.413194,6.364024,2.987805,0.000000,1.570796
0.020000,6.500500,16.966308,8.541669,6.423780,2.987805,0.000000,1.570796
0.020000,6.500500,17.095979,8.671340,6.483537,2.987805,-0.000000,1.570796
0.020000,6.500500,17.226845,8.802206,6.543293,2.987805,0.000000,1.570796
0.020000,6.500500,17.358906,8.934267,6.603049,2.987805,0.000000,1.570796
0.020000,6.500500,17.492162,9.067523,6.662805,2.987805,-0.000000,1.570796
0.020000,6.500500,17.626613,9.201974,6.722561,2.987805,0.000000,1.570796
0.020000,6.500500,17.762259,9.337620,6.782317,2.987805,-0.000000,1.570796
0.020000,6.500500,17.899101,9.474462,6.842073,2.987805,0.000000,1.570796
0.020000,6.500500,18.037138,9.612498,6.901829,2.987805,-0.000000,1.570796
0.020000,6.500500,18.176369,9.751730,6.961585,2.987805,0.000000,1.570796
0.020000,6.500500,18.316796,9.892157,7.021341,2.987805,0.000000,1.570796
0.020000,6.500500,18.458418,10.033779,7.081098,2.987805,-0.000000,1.570796
0.020000,6.500500,18.601235,10.176596,7.140854,2.987805,0.000000,1.570796
0.020000,6.500500,18.745247,10.320608,7.200610,2.987805,-0.000000,1.570796
0.020000,6.500500,18.890455,10.465816,7.260366,2.987805,-0.000000,1.570796
0.020000,6.500500,19.036857,10.612218,7.320122,2.987805,0.000000,1.570796
0.020000,6.500500,19.184455,10.759816,7.379878,2.987805,0.000000,1.570796
0.020000,6.500500,19.333247,10.908608,7.439634,2.987805,-0.000000,1.570796
0.020000,6.500500,19.483235,11.058596,7.499390,2.987805,0.000000,1.570796
0.020000,6.500500,19.634418,11.209779,7.559146,2.987805,0.000000,1.570796
0.020000,6.500500,19.786796,11.362157,7.618902,2.987805,-0.000000,1.570796
0.020000,6.500500,19.940369,11.515730,7.678659,2.987805,0.000000,1.570796
0.020000,6.500500,20.095138,11.670498,7.738415,2.987805,-0.000000,1.570796
0.020000,6.500500,20.251101,11.826462,7.798171,2.987805,0.000000,1.570796
0.020000,6.500500,20.408259,11.983620,7.857927,2.987805,0.000000,1.570796
0.020000,6.500500,20.566613,12.141974,7.917683,2.987805,0.000000,1.570796
0.020000,6.500500,20.726162,12.301523,7.977439,2.987805,-0.000000,1.570796
0.020000,6.500500,20.886906,12.462267,8.037195,2.987805,0.000000,1.570796
0.020000,6.500637,21.042225,12.617586,7.765948,-13.562355,-827.507987,1.564270
0.020000,6.503131,21.182553,12.757936,7.017499,-37.422450,-1193.004733,1.541501
0.020000,6.508915,21.322263,12.897766,6.991499,-1.300010,1806.121976,1.517017
0.020000,6.518201,21.461098,13.036911,6.957253,-1.712307,-20.614859,1.490655
0.020000,6.531202,21.598768,13.175193,6.914116,-2.156841,-22.226711,1.462237
0.020000,6.548131,21.734950,13.312424,6.861526,-2.629471,-23.631458,1.431573
0.020000,6.569196,21.869290,13.448405,6.799084,-3.122123,-24.632622,1.398468
0.020000,6.594595,22.001404,13.582938,6.726660,-3.621220,-24.954825,1.362721
0.020000,6.624514,22.130883,13.715829,6.644543,-4.105818,-24.229899,1.324140
0.020000,6.659114,22.257306,13.846902,6.553630,-4.545647,-21.991497,1.282547
0.020000,6.698537,22.380253,13.976015,6.455641,-4.899490,-17.692110,1.237803
0.020000,6.742901,22.499324,14.103082,6.353348,-5.114616,-10.756308,1.189821
0.020000,6.792303,22.614164,14.228097,6.250780,-5.128430,-0.690704,1.138595
0.020000,6.846835,22.724489,14.351163,6.153307,-4.873621,12.740435,1.084228
0.020000,6.906595,22.830105,14.472514,6.067550,-4.287876,29.287238,1.026954
0.020000,6.971716,22.930922,14.592534,6.000989,-3.328032,47.992204,0.967155
0.020000,7.042377,23.026951,14.711759,5.961262,-1.986352,67.084027,0.905369
0.020000,7.118824,23.118284,14.830863,5.955182,-0.304009,84.117157,0.842268
0.020000,7.201358,23.205053,14.950617,5.987674,1.624590,96.429948,0.778623
0.020000,7.290316,23.287396,15.071835,6.060902,3.661404,101.840710,0.715246
0.020000,7.386029,23.365407,15.195312,6.173861,5.647946,99.327078,0.652933
0.020000,7.488771,23.439123,15.321763,6.322568,7.435382,89.371809,0.592398
0.020000,7.598723,23.508510,15.451779,6.500795,8.911323,73.797029,0.534229
0.020000,7.715941,23.573487,15.585801,6.701091,10.014795,55.173618,0.478869
0.020000,7.840347,23.633940,15.724117,6.915824,10.736690,36.094754,0.426605
0.020000,7.971743,23.689756,15.866877,7.138003,11.108918,18.611391,0.377587
0.020000,8.109832,23.740841,16.014113,7.361772,11.188479,3.978045,0.331846
0.020000,8.254245,23.787136,16.165765,7.582615,11.042134,-7.317249,0.289324
0.020000,8.404417,23.828582,16.321551,7.789285,10.333490,-35.432174,0.249936
0.020000,8.559584,23.865150,16.480969,7.970893,9.080431,-62.652987,0.213580
0.020000,8.718958,23.896887,16.643473,8.125193,7.714985,-68.272284,0.180108
0.020000,8.881916,23.923931,16.808659,8.259317,6.706168,-50.440855,0.149316
0.020000,9.048026,23.946479,16.976293,8.381690,6.118699,-29.373445,0.120970
0.020000,9.216902,23.964739,17.146152,8.492989,5.564931,-27.688385,0.094848
0.020000,9.388196,23.978922,17.318033,8.594031,5.052113,-25.640919,0.070745
0.020000,9.561603,23.989242,17.491747,8.685692,4.583042,-23.453569,0.048473
0.020000,9.736853,23.995909,17.667124,8.768845,4.157647,-21.269743,0.027863
0.020000,9.913711,23.999124,17.844010,8.844328,3.774119,-19.176405,0.008762
0.020000,10.100823,23.999500,18.031123,9.355634,25.565338,1089.560964,0.000000
0.020000,10.296823,23.999500,18.227123,9.800000,22.218286,-167.352612,0.000000
0.020000,10.492823,23.999500,18.423123,9.800000,-0.000000,-1110.914285,0.000000
0.020000,10.688823,23.999500,18.619123,9.800000,-0.000000,0.000000,0.000000
0.020000,10.884823,23.999500,18.815123,9.800000,0.000000,0.000000,0.000000
0.020000,11.080823,23.999500,19.011123,9.800000,0.000000,-0.000000,0.000000
0.020000,11.276823,23.999500,19.207123,9.800000,0.000000,-0.000000,0.000000
0.020000,11.472823,23.999500,19.403123,9.800000,0.000000,-0.000000,0.000000
0.020000,11.668823,23.999500,19.599123,9.800000,-0.000000,-0.000000,0.000000
0.020000,11.864823,23.999500,19.795123,9.800000,-0.000000,0.000000,0.000000
0.020000,12.060823,23.999500,19.991123,9.800000,0.000000,0.000000,0.000000
0.020000,12.256823,23.999500,20.187123,9.800000,0.000000,-0.000000,0.000000
0.020000,12.452823,23.999500,20.383123,9.800000,0.000000,0.000000,0.000000
0.020000,12.648823,23.999500,20.579123,9.800000,-0.000000,-0.000000,0.000000
0.020000,12.844711,23.999500,20.775011,9.794415,-0.279233,-13.961645,0.000000
0.020000,13.040177,23.999500,20.970477,9.773287,-1.056433,-38.860019,0.000000
0.020000,13.234822,23.999500,21.165122,9.732239,-2.052368,-49.796748,0.000000
0.020000,13.428359,23.999500,21.358659,9.676858,-2.769070,-35.835103,0.000000
0.020000,13.620701,23.999500,21.551001,9.617102,-2.987805,-10.936729,0.000000
0.020000,13.811848,23.999500,21.742148,9.557346,-2.987805,-0.000000,0.000000
0.020000,14.001800,23.999500,21.932100,9.497590,-2.987805,0.000000,0.000000
0.020000,14.190556,23.999500,22.120856,9.437834,-2.987805,-0.000000,0.000000
0.020000,14.378118,23.999500,22.308418,9.378077,-2.987805,0.000000,0.000000
0.020000,14.564484,23.999500,22.494784,9.318321,-2.987805,-0.000000,0.000000
0.020000,14.749656,23.999500,22.679956,9.258565,-2.987805,0.000000,0.000000
0.020000,14.933632,23.999500,22.863932,9.198809,-2.987805,-0.000000,0.000000
0.020000,15.116413,23.999500,23.046713,9.139053,-2.987805,-0.000000,0.000000
0.020000,15.297999,23.999500,23.228299,9.079297,-2.987805,0.000000,0.000000
0.020000,15.478390,23.999500,23.408690,9.019541,-2.987805,-0.000000,0.000000
0.020000,15.657585,23.999500,23.587885,8.959785,-2.987805,0.000000,0.000000
0.020000,15.835586,23.999500,23.765886,8.900029,-2.987805,0.000000,0.000000
0.020000,16.012391,23.999500,23.942691,8.840273,-2.987805,0.000000,0.000000
0.020000,16.188002,23.999500,24.118302,8.780516,-2.987805,0.000000,0.000000
0.020000,16.362417,23.999500,24.292717,8.720760,-2.987805,-0.000000,0.000000
0.020000,16.535637,23.999500,24.465937,8.661004,-2.987805,-0.000000,0.000000
0.020000,16.707662,23.999500,24.637962,8.601248,-2.987805,0.000000,0.000000
0.020000,16.878492,23.999500,24.808792,8.541492,-2.987805,-0.000000,0.000000
0.020000,17.048127,23.999500,24.978427,8.481736,-2.987805,0.000000,0.000000
0.020000,17.216566,23.999500,25.146866,8.421980,-2.987805,0.000000,0.000000
0.020000,17.383811,23.999500,25.314111,8.362224,-2.987805,-0.000000,0.000000
0.020000,17.549860,23.999500,25.480160,8.302468,-2.987805,0.000000,0.000000
0.020000,17.714714,23.999500,25.645014,8.242712,-2.987805,-0.000000,0.000000
0.020000,17.878373,23.999500,25.808673,8.182955,-2.987805,0.000000,0.000000
0.020000,18.040837,23.999500,25.971137,8.123199,-2.987805,-0.000000,0.000000
0.020000,18.202106,23.999500,26.132406,8.063443,-2.987805,0.000000,0.000000
0.020000,18.362180,23.999500,26.292480,8.003687,-2.987805,0.000000,0.000000
0.020000,18.521059,23.999500,26.451359,7.943931,-2.987805,0.000000,0.000000
0.020000,18.678742,23.999500,26.609042,7.884175,-2.987805,-0.000000,0.000000
0.020000,18.835230,23.999500,26.765530,7.824419,-2.987805,0.000000,0.000000
0.020000,18.990524,23.999500,26.920824,7.764663,-2.987805,0.000000,0.000000
0.020000,19.144622,23.999500,27.074922,7.704907,-2.987805,0.000000,0.000000
0.020000,19.297525,23.999500,27.227825,7.645151,-2.987805,-0.000000,0.000000
0.020000,19.449233,23.999500,27.379533,7.585394,-2.987805,0.000000,0.000000
0.020000,19.599745,23.999500,27.530046,7.525638,-2.987805,0.000000,0.000000
0.020000,19.749063,23.999500,27.679363,7.465882,-2.987805,0.000000,0.000000
0.020000,19.897186,23.999500,27.827486,7.406126,-2.987805,0.000000,0.000000
0.020000,20.044113,23.999500,27.974413,7.346370,-2.987805,-0.000000,0.000000
0.020000,20.189845,23.999500,28.120145,7.286614,-2.987805,0.000000,0.000000
0.020000,20.334382,23.999500,28.264683,7.226858,-2.987805,-0.000000,0.000000
0.020000,20.477725,23.999500,28.408025,7.167102,-2.987805,0.000000,0.000000
0.020000,20.619871,23.999500,28.550172,7.107346,-2.987805,0.000000,0.000000
0.020000,20.760823,23.999500,28.691123,7.047590,-2.987805,-0.000000,0.000000
0.020000,20.900580,23.999500,28.830880,6.987834,-2.987805,0.000000,0.000000
0.020000,21.039141,23.999500,28.969442,6.928077,-2.987805,0.000000,0.000000
0.020000,21.176508,23.999500,29.106808,6.868321,-2.987805,-0.000000,0.000000
0.020000,21.312679,23.999500,29.242979,6.808565,-2.987805,0.000000,0.000000
0.020000,21.447655,23.999500,29.377955,6.748809,-2.987805,0.000000,0.000000
0.020000,21.581436,23.999500,29.511737,6.689053,-2.987805,-0.000000,0.000000
0.020000,21.714022,23.999500,29.644322,6.629297,-2.987805,0.000000,0.000000
0.020000,21.845413,23.999500,29.775713,6.569541,-2.987805,0.000000,0.000000
0.020000,21.975609,23.999500,29.905909,6.509785,-2.987805,-0.000000,0.000000
0.020000,22.114451,24.000078,30.044752,6.942146,21.618041,1230.292277,0.009906
0.020000,22.252670,24.002187,30.182987,6.911777,-1.518413,-1156.822666,0.020332
0.020000,22.387841,24.005535,30.318200,6.760617,-7.558038,-301.981246,0.028930
0.020000,22.520093,24.009835,30.450522,6.616124,-7.224620,16.670872,0.035834
0.020000,22.649542,24.014836,30.580067,6.477229,-6.944775,13.992263,0.041156
0.020000,22.776283,24.020313,30.706927,6.342988,-6.712020,11.637730,0.044989
0.020000,22.900401,24.026065,30.831178,6.212572,-6.520819,9.560085,0.047409
0.020000,23.021966,24.031911,30.952883,6.085242,-6.366491,7.716370,0.048479
0.020000,23.141032,24.037687,31.072090,5.960340,-6.245120,6.068565,0.048246
0.020000,23.257646,24.043242,31.188835,5.837271,-6.153448,4.583610,0.046748
0.020000,23.371837,24.048440,31.303145,5.715495,-6.088784,3.233194,0.044010
0.020000,23.483628,24.053153,31.415035,5.594517,-6.048916,1.993382,0.040048
0.020000,23.593028,24.057265,31.524513,5.473876,-6.032030,0.844316,0.034869
0.020000,23.700037,24.060668,31.631576,5.353143,-6.036632,-0.230104,0.028471
0.020000,23.804643,24.063260,31.736214,5.231914,-6.061479,-1.242330,0.020845
0.020000,23.906826,24.064949,31.838410,5.109804,-6.105503,-2.201201,0.011972
0.020000,24.006552,24.065650,31.938139,4.986449,-6.167738,-3.111786,0.001828
0.020000,24.103781,24.065284,32.035369,4.861504,-6.247239,-3.975060,6.273566
0.020000,24.198462,24.063781,32.130062,4.734645,-6.342987,-4.787383,6.260777
0.020000,24.290534,24.061079,32.222173,4.605569,-6.453782,-5.539748,6.246603
0.020000,24.379927,24.057123,32.311653,4.474006,-6.578121,-6.216937,6.230994
0.020000,24.466562,24.051869,32.398448,4.339726,-6.714047,-6.796288,6.213895
0.020000,24.550355,24.045284,32.482499,4.202546,-6.858979,-7.246612,6.195249
0.020000,24.631213,24.037345,32.563746,4.062356,-7.009517,-7.526900,6.174995
0.020000,24.709042,24.028044,32.642129,3.919131,-7.161225,-7.585400,6.153072
0.020000,24.783745,24.017386,32.717588,3.772963,-7.308409,-7.359188,6.129422
0.020000,24.855227,24.005392,32.790070,3.624085,-7.443903,-6.774741,6.103991
0.020000,24.923401,23.992099,32.859528,3.472907,-7.558911,-5.750378,6.076733
0.020000,24.988191,23.977560,32.925929,3.320048,-7.642929,-4.200887,6.047614
0.020000,25.049537,23.961844,32.989256,3.166371,-7.683846,-2.045862,6.016617
0.020000,25.107405,23.945034,33.049516,3.013006,-7.668273,0.778650,5.983750
0.020000,25.161790,23.927223,33.106743,2.861362,-7.582197,4.303811,5.949045
0.020000,25.212725,23.908512,33.161006,2.713122,-7.412005,8.509581,5.912572
0.020000,25.260281,23.888998,33.212410,2.570204,-7.145901,13.305191,5.874437
0.020000,25.304577,23.868775,33.261104,2.434691,-6.775617,18.514211,5.834787
0.020000,25.345774,23.847921,33.307278,2.308727,-6.298234,23.869168,5.793814
0.020000,25.384073,23.826490,33.351166,2.194371,-5.717795,29.021912,5.751750
0.020000,25.419709,23.804511,33.393035,2.093444,-5.046324,33.573588,5.708862
0.020000,25.452937,23.781980,33.433182,2.007367,-4.303862,37.123109,5.665449
0.020000,25.484024,23.758862,33.471922,1.937021,-3.517320,39.327052,5.621823
0.020000,25.513230,23.735096,33.509576,1.882657,-2.718161,39.957978,5.578305
0.020000,25.540798,23.710603,33.546453,1.843873,-1.939238,38.946155,5.535206
0.020000,25.566945,23.685289,33.582846,1.819645,-1.211383,36.392723,5.492818
0.020000,25.591853,23.659063,33.619015,1.808438,-0.560373,32.550513,5.451400
0.020000,25.615667,23.631844,33.655181,1.808341,-0.004812,27.778042,5.411174
0.020000,25.638499,23.603565,33.691526,1.817237,0.444783,22.479768,5.372320
0.020000,25.660423,23.574185,33.728185,1.832952,0.785731,17.047392,5.334975
0.020000,25.681492,23.543687,33.765253,1.853392,1.022024,11.814676,5.299233
0.020000,25.701734,23.512081,33.802786,1.876645,1.162649,7.031227,5.265150
0.020000,25.721164,23.479400,33.840807,1.901040,1.219758,2.855432,5.232749
0.020000,25.739787,23.445699,33.879310,1.925180,1.207005,-0.637645,5.202025
0.020000,25.757602,23.411052,33.918269,1.947944,1.138197,-3.440408,5.172950
0.020000,25.774608,23.375545,33.957639,1.968471,1.026343,-5.592699,5.145481
0.020000,25.790805,23.339275,33.997361,1.986132,0.883059,-7.164163,5.119558
0.020000,25.806194,23.302343,34.037371,2.000498,0.718292,-8.238374,5.095117
0.020000,25.820782,23.264855,34.077597,2.011303,0.540253,-8.901948,5.072087
0.020000,25.834576,23.226916,34.117966,2.018413,0.355504,-9.237426,5.050393
0.020000,25.847590,23.188632,34.158402,2.021796,0.169134,-9.318534,5.029961
0.020000,25.859841,23.150103,34.198831,2.021495,-0.015037,-9.208518,5.010718
0.020000,25.871348,23.111426,34.239184,2.017610,-0.194240,-8.960183,4.992591
0.020000,25.882134,23.072694,34.279389,2.010279,-0.366558,-8.615870,4.975513
0.020000,25.892222,23.033994,34.319383,1.999664,-0.530739,-8.209075,4.959416
0.020000,25.901639,22.995408,34.359101,1.985943,-0.686051,-7.765603,4.944240
0.020000,25.910413,22.957012,34.398487,1.969300,-0.832149,-7.304895,4.929926
0.020000,25.918570,22.918876,34.437486,1.949921,-0.968974,-6.841248,4.916419
0.020000,25.926140,22.881067,34.476046,1.927987,-1.096674,-6.384981,4.903667
0.020000,25.933152,22.843644,34.514119,1.903677,-1.215536,-5.943089,4.891625
0.020000,25.939633,22.806665,34.551662,1.877158,-1.325944,-5.520431,4.880246
0.020000,25.945612,22.770180,34.588634,1.848591,-1.428337,-5.119659,4.869491
0.020000,25.951118,22.734236,34.624997,1.818127,-1.523187,-4.742470,4.859322
0.020000,25.956176,22.698878,34.660715,1.785908,-1.610976,-4.389440,4.849703
0.020000,25.960814,22.664145,34.695756,1.752064,-1.692178,-4.060102,4.840602
0.020000,25.965056,22.630074,34.730090,1.716719,-1.767263,-3.754256,4.831989
0.020000,25.968928,22.596698,34.763690,1.679986,-1.836675,-3.470624,4.823836
0.020000,25.972454,22.564048,34.796530,1.641969,-1.900839,-3.208169,4.816118
0.020000,25.975656,22.532153,34.828585,1.602766,-1.960151,-2.965628,4.808811
0.020000,25.978556,22.501039,34.859834,1.562466,-2.014983,-2.741577,4.801892
0.020000,25.981176,22.470729,34.890257,1.521153,-2.065681,-2.534898,4.795342
0.020000,25.983535,22.441245,34.919835,1.478901,-2.112563,-2.344100,4.789142
0.020000,25.985652,22.412608,34.948551,1.435783,-2.155921,-2.167925,4.783275
0.020000,25.987547,22.384835,34.976388,1.391862,-2.196029,-2.005417,4.777724
0.020000,25.989235,22.357944,35.003332,1.347200,-2.233135,-1.855276,4.772475
0.020000,25.990734,22.331950,35.029369,1.301850,-2.267465,-1.716482,4.767514
0.020000,25.992059,22.306868,35.054486,1.255866,-2.299224,-1.587968,4.762829
0.020000,25.993225,22.282710,35.078672,1.209294,-2.328608,-1.469218,4.758406
0.020000,25.994245,22.259489,35.101916,1.162178,-2.355785,-1.358818,4.754237
0.020000,25.995134,22.237215,35.124207,1.114560,-2.380918,-1.256654,4.750310
0.020000,25.995903,22.215900,35.145537,1.066477,-2.404145,-1.161366,4.746616
0.020000,25.996564,22.195551,35.165896,1.017965,-2.425603,-1.072873,4.743147
0.020000,25.997129,22.176178,35.185277,0.969056,-2.445409,-0.990343,4.739896
0.020000,25.997607,22.157789,35.203673,0.919783,-2.463671,-0.913064,4.736853
0.020000,25.998008,22.140390,35.221076,0.870173,-2.480488,-0.840853,4.734014
0.020000,25.998341,22.123988,35.237481,0.820254,-2.495952,-0.773239,4.731371
0.020000,25.998614,22.108590,35.252882,0.770051,-2.510139,-0.709336,4.728919
0.020000,25.998836,22.094199,35.267274,0.719589,-2.523129,-0.649501,4.726652
0.020000,25.999013,22.080823,35.280652,0.668889,-2.534982,-0.592641,4.724567
0.020000,25.999151,22.068464,35.293011,0.617974,-2.545764,-0.539087,4.722659
0.020000,25.999258,22.057127,35.304349,0.566863,-2.555522,-0.487917,4.720923
0.020000,25.999338,22.046816,35.314660,0.515577,-2.564309,-0.439359,4.719357
0.020000,25.999396,22.037534,35.323943,0.464134,-2.572166,-0.392854,4.717957
0.020000,25.999437,22.029283,35.332194,0.412551,-2.579133,-0.348331,4.716720
0.020000,25.999464,22.022066,35.339411,0.360847,-2.585238,-0.305259,4.715644
0.020000,25.999481,22.015885,35.345592,0.309036,-2.590517,-0.263949,4.714727
0.020000,25.999492,22.010742,35.350734,0.257136,-2.594989,-0.223585,4.713967
0.020000,25.999497,22.006639,35.354838,0.205163,-2.598678,-0.184451,4.713363
0.020000,25.999499,22.003577,35.357900,0.153131,-2.601599,-0.146080,4.712913
0.020000,25.999500,22.001555,35.359921,0.101056,-2.603769,-0.108459,4.712617
0.020000,25.999500,22.000479,35.360998,0.053823,-2.361643,12.106272,4.712459
0.020000,25.999500,22.000076,35.361400,0.020134,-1.684427,33.860815,4.712400
0.020000,25.999500,22.000000,35.361477,0.003816,-0.815914,43.425660,4.712389
0.020000,25.999500,22.000000,35.361477,0.000000,-0.190792,31.256080,4.712389
